/*
 'SK': 'SSG 랜더스',
    'LG': 'LG 트윈스',
    'WO': '키움 히어로즈',
    'KT': 'KT 위즈',
    'HT': 'KIA 타이거즈',
    'NC': 'NC 다이노스',
    'SS': '삼성 라이온즈',
    'LT': '롯데 자이언트',
    'OB': '두산 베이스',
    'HH': '한화이글스'
 */


-- Image 테이블 데이터 삽입
INSERT INTO image (image_id, team_code, date) VALUES (1, 'LT', 20230831);
INSERT INTO image (image_id, team_code, date) VALUES (2, 'LT', 20230831);
INSERT INTO image (image_id, team_code, date) VALUES (3, 'LT', 20230831);
INSERT INTO image (image_id, team_code, date) VALUES (4, 'LT', 20230831);
INSERT INTO image (image_id, team_code, date) VALUES (5, 'LT', 20230831);
INSERT INTO image (image_id, team_code, date) VALUES (6, 'LT', 20230831);
INSERT INTO image (image_id, team_code, date) VALUES (7, 'LT', 20230831);
INSERT INTO image (image_id, team_code, date) VALUES (8, 'LT', 20230831);
INSERT INTO image (image_id, team_code, date) VALUES (9, 'LT', 20230831);
INSERT INTO image (image_id, team_code, date) VALUES (10, 'LT', 20230831);

INSERT INTO image (image_id, team_code, date) VALUES (11, 'LT', 20230901);
INSERT INTO image (image_id, team_code, date) VALUES (12, 'LT', 20230901);
INSERT INTO image (image_id, team_code, date) VALUES (13, 'LT', 20230901);
INSERT INTO image (image_id, team_code, date) VALUES (14, 'LT', 20230901);
INSERT INTO image (image_id, team_code, date) VALUES (15, 'LT', 20230901);
INSERT INTO image (image_id, team_code, date) VALUES (16, 'LT', 20230901);
INSERT INTO image (image_id, team_code, date) VALUES (17, 'LT', 20230901);
INSERT INTO image (image_id, team_code, date) VALUES (18, 'LT', 20230901);
INSERT INTO image (image_id, team_code, date) VALUES (19, 'LT', 20230901);
INSERT INTO image (image_id, team_code, date) VALUES (20, 'LT', 20230901);




-- Original 테이블 데이터 삽입
INSERT INTO original (original_id, original_path, original_tag, image_id) VALUES (1, 'https://kbodot.s3.ap-northeast-2.amazonaws.com/original/original1.png', '#다이빙박승욱', 1);
INSERT INTO original (original_id, original_path, original_tag, image_id) VALUES (2, 'https://kbodot.s3.ap-northeast-2.amazonaws.com/original/original2.png', '#숏송구이의리', 2);
INSERT INTO original (original_id, original_path, original_tag, image_id) VALUES (3, 'https://kbodot.s3.ap-northeast-2.amazonaws.com/original/original3.png',' #총알정준영', 3);
INSERT INTO original (original_id, original_path, original_tag, image_id) VALUES (4, 'https://kbodot.s3.ap-northeast-2.amazonaws.com/original/original4.png', '#어마어마한하재훈', 4);
INSERT INTO original (original_id, original_path, original_tag, image_id) VALUES (5, 'https://kbodot.s3.ap-northeast-2.amazonaws.com/original/%E1%84%91%E1%85%A6%E1%86%AB%E1%84%89%E1%85%A7%E1%86%AB%E1%84%8B%E1%85%A1%E1%87%81.JPG', '#오션뷰', 5);
INSERT INTO original (original_id, original_path, original_tag, image_id) VALUES (6, 'https://kbodot.s3.ap-northeast-2.amazonaws.com/original/original1.png', '#다이빙박승욱', 6);
INSERT INTO original (original_id, original_path, original_tag, image_id) VALUES (7, 'https://kbodot.s3.ap-northeast-2.amazonaws.com/original/original2.png', '#숏송구이의리', 7);
INSERT INTO original (original_id, original_path, original_tag, image_id) VALUES (8, 'https://kbodot.s3.ap-northeast-2.amazonaws.com/original/original3.png',' #총알정준영', 8);
INSERT INTO original (original_id, original_path, original_tag, image_id) VALUES (9, 'https://kbodot.s3.ap-northeast-2.amazonaws.com/original/original4.png', '#어마어마한하재훈', 9);
INSERT INTO original (original_id, original_path, original_tag, image_id) VALUES (10, 'https://kbodot.s3.ap-northeast-2.amazonaws.com/original/%E1%84%91%E1%85%A6%E1%86%AB%E1%84%89%E1%85%A7%E1%86%AB%E1%84%8B%E1%85%A1%E1%87%81.JPG', '#오션뷰', 10);


INSERT INTO original (original_id, original_path, original_tag, image_id) VALUES (11, 'https://kbodot.s3.ap-northeast-2.amazonaws.com/original/original1.png', '#다이빙박승욱', 11);
INSERT INTO original (original_id, original_path, original_tag, image_id) VALUES (12, 'https://kbodot.s3.ap-northeast-2.amazonaws.com/original/original2.png', '#숏송구이의리', 12);
INSERT INTO original (original_id, original_path, original_tag, image_id) VALUES (13, 'https://kbodot.s3.ap-northeast-2.amazonaws.com/original/original3.png',' #총알정준영', 13);
INSERT INTO original (original_id, original_path, original_tag, image_id) VALUES (14, 'https://kbodot.s3.ap-northeast-2.amazonaws.com/original/original4.png', '#어마어마한하재훈', 14);
INSERT INTO original (original_id, original_path, original_tag, image_id) VALUES (15, 'https://kbodot.s3.ap-northeast-2.amazonaws.com/original/%E1%84%91%E1%85%A6%E1%86%AB%E1%84%89%E1%85%A7%E1%86%AB%E1%84%8B%E1%85%A1%E1%87%81.JPG', '#오션뷰', 15);
INSERT INTO original (original_id, original_path, original_tag, image_id) VALUES (16, 'https://kbodot.s3.ap-northeast-2.amazonaws.com/original/original1.png', '#다이빙박승욱', 16);
INSERT INTO original (original_id, original_path, original_tag, image_id) VALUES (17, 'https://kbodot.s3.ap-northeast-2.amazonaws.com/original/original2.png', '#숏송구이의리', 17);
INSERT INTO original (original_id, original_path, original_tag, image_id) VALUES (18, 'https://kbodot.s3.ap-northeast-2.amazonaws.com/original/original3.png',' #총알정준영', 18);
INSERT INTO original (original_id, original_path, original_tag, image_id) VALUES (19, 'https://kbodot.s3.ap-northeast-2.amazonaws.com/original/original4.png', '#어마어마한하재훈', 19);
INSERT INTO original (original_id, original_path, original_tag, image_id) VALUES (20, 'https://kbodot.s3.ap-northeast-2.amazonaws.com/original/%E1%84%91%E1%85%A6%E1%86%AB%E1%84%89%E1%85%A7%E1%86%AB%E1%84%8B%E1%85%A1%E1%87%81.JPG', '#오션뷰', 20);


-- Converted 테이블 데이터 삽입
INSERT INTO converted (converted_id, converted_path, converted_tag, image_id) VALUES (1, 'https://kbodot.s3.ap-northeast-2.amazonaws.com/converted/convert1.png', '#수채화', 1);
INSERT INTO converted (converted_id, converted_path, converted_tag, image_id) VALUES (2, 'https://kbodot.s3.ap-northeast-2.amazonaws.com/converted/convert2.png', '#snowday', 2);
INSERT INTO converted (converted_id, converted_path, converted_tag, image_id) VALUES (3, 'https://kbodot.s3.ap-northeast-2.amazonaws.com/converted/convert3.png', '#cartoon', 3);
INSERT INTO converted (converted_id, converted_path, converted_tag, image_id) VALUES (4, 'https://kbodot.s3.ap-northeast-2.amazonaws.com/converted/convert4.png', '#robot', 4);
INSERT INTO converted (converted_id, converted_path, converted_tag, image_id) VALUES (5, 'https://kbodot.s3.ap-northeast-2.amazonaws.com/converted/convert4.png', '#robot', 5);
INSERT INTO converted (converted_id, converted_path, converted_tag, image_id) VALUES (6, 'https://kbodot.s3.ap-northeast-2.amazonaws.com/converted/convert1.png', '#수채화', 6);
INSERT INTO converted (converted_id, converted_path, converted_tag, image_id) VALUES (7, 'https://kbodot.s3.ap-northeast-2.amazonaws.com/converted/convert2.png', '#snowday', 7);
INSERT INTO converted (converted_id, converted_path, converted_tag, image_id) VALUES (8, 'https://kbodot.s3.ap-northeast-2.amazonaws.com/converted/convert3.png', '#cartoon', 8);
INSERT INTO converted (converted_id, converted_path, converted_tag, image_id) VALUES (9, 'https://kbodot.s3.ap-northeast-2.amazonaws.com/converted/convert4.png', '#robot', 9);
INSERT INTO converted (converted_id, converted_path, converted_tag, image_id) VALUES (10, 'https://kbodot.s3.ap-northeast-2.amazonaws.com/converted/convert4.png', '#robot', 10);

INSERT INTO converted (converted_id, converted_path, converted_tag, image_id) VALUES (11, 'https://kbodot.s3.ap-northeast-2.amazonaws.com/converted/convert1.png', '#수채화', 11);
INSERT INTO converted (converted_id, converted_path, converted_tag, image_id) VALUES (12, 'https://kbodot.s3.ap-northeast-2.amazonaws.com/converted/convert2.png', '#snowday', 12);
INSERT INTO converted (converted_id, converted_path, converted_tag, image_id) VALUES (13, 'https://kbodot.s3.ap-northeast-2.amazonaws.com/converted/convert3.png', '#cartoon', 13);
INSERT INTO converted (converted_id, converted_path, converted_tag, image_id) VALUES (14, 'https://kbodot.s3.ap-northeast-2.amazonaws.com/converted/convert4.png', '#robot', 14);
INSERT INTO converted (converted_id, converted_path, converted_tag, image_id) VALUES (15, 'https://kbodot.s3.ap-northeast-2.amazonaws.com/converted/convert4.png', '#robot', 15);
INSERT INTO converted (converted_id, converted_path, converted_tag, image_id) VALUES (16, 'https://kbodot.s3.ap-northeast-2.amazonaws.com/converted/convert1.png', '#수채화', 16);
INSERT INTO converted (converted_id, converted_path, converted_tag, image_id) VALUES (17, 'https://kbodot.s3.ap-northeast-2.amazonaws.com/converted/convert2.png', '#snowday', 17);
INSERT INTO converted (converted_id, converted_path, converted_tag, image_id) VALUES (18, 'https://kbodot.s3.ap-northeast-2.amazonaws.com/converted/convert3.png', '#cartoon', 18);
INSERT INTO converted (converted_id, converted_path, converted_tag, image_id) VALUES (19, 'https://kbodot.s3.ap-northeast-2.amazonaws.com/converted/convert4.png', '#robot', 19);
INSERT INTO converted (converted_id, converted_path, converted_tag, image_id) VALUES (20, 'https://kbodot.s3.ap-northeast-2.amazonaws.com/converted/convert4.png', '#robot', 20);



-- Video 테이블 데이터 삽입
INSERT INTO video (video_id, team_code, title, video_path, date) VALUES (1,'SK', '실점을 막는 다이빙 캐치! 팀을 구해내는 박승욱 (KT 롯데 6.08)', 'https://kbodot.s3.ap-northeast-2.amazonaws.com/video/convert1.mp4', 20230831);
INSERT INTO video (video_id, team_code, title, video_path, date) VALUES (2,'SK', '실점을 막는 다이빙 캐치! 팀을 구해내는 박승욱 (KT 롯데 6.08)', 'https://kbodot.s3.ap-northeast-2.amazonaws.com/video/convert1.mp4', 20230831);
INSERT INTO video (video_id, team_code, title, video_path, date) VALUES (3,'SK', '실점을 막는 다이빙 캐치! 팀을 구해내는 박승욱 (KT 롯데 6.08)', 'https://kbodot.s3.ap-northeast-2.amazonaws.com/video/convert1.mp4', 20230831);
INSERT INTO video (video_id, team_code, title, video_path, date) VALUES (4,'SK', '실점을 막는 다이빙 캐치! 팀을 구해내는 박승욱 (KT 롯데 6.08)', 'https://kbodot.s3.ap-northeast-2.amazonaws.com/video/convert1.mp4', 20230831);
INSERT INTO video (video_id, team_code, title, video_path, date) VALUES (5,'SK', '실점을 막는 다이빙 캐치! 팀을 구해내는 박승욱 (KT 롯데 6.08)', 'https://kbodot.s3.ap-northeast-2.amazonaws.com/video/convert1.mp4', 20230831);
INSERT INTO video (video_id, team_code, title, video_path, date) VALUES (6,'SK', '실점을 막는 다이빙 캐치! 팀을 구해내는 박승욱 (KT 롯데 6.08)', 'https://kbodot.s3.ap-northeast-2.amazonaws.com/video/convert1.mp4', 20230831);
INSERT INTO video (video_id, team_code, title, video_path, date) VALUES (7,'SK', '실점을 막는 다이빙 캐치! 팀을 구해내는 박승욱 (KT 롯데 6.08)', 'https://kbodot.s3.ap-northeast-2.amazonaws.com/video/convert1.mp4', 20230831);
INSERT INTO video (video_id, team_code, title, video_path, date) VALUES (8,'SK', '실점을 막는 다이빙 캐치! 팀을 구해내는 박승욱 (KT 롯데 6.08)', 'https://kbodot.s3.ap-northeast-2.amazonaws.com/video/convert1.mp4', 20230831);
INSERT INTO video (video_id, team_code, title, video_path, date) VALUES (9,'SK', '실점을 막는 다이빙 캐치! 팀을 구해내는 박승욱 (KT 롯데 6.08)', 'https://kbodot.s3.ap-northeast-2.amazonaws.com/video/convert1.mp4', 20230831);
INSERT INTO video (video_id, team_code, title, video_path, date) VALUES (10,'SK', '실점을 막는 다이빙 캐치! 팀을 구해내는 박승욱 (KT 롯데 6.08)', 'https://kbodot.s3.ap-northeast-2.amazonaws.com/video/convert1.mp4', 20230831);


INSERT INTO video (video_id, team_code, title, video_path, date) VALUES (11,'SK', '실점을 막는 다이빙 캐치! 팀을 구해내는 박승욱 (KT 롯데 6.08)', 'https://kbodot.s3.ap-northeast-2.amazonaws.com/video/convert1.mp4', 20230901);
INSERT INTO video (video_id, team_code, title, video_path, date) VALUES (12,'SK', '실점을 막는 다이빙 캐치! 팀을 구해내는 박승욱 (KT 롯데 6.08)', 'https://kbodot.s3.ap-northeast-2.amazonaws.com/video/convert1.mp4', 20230901);
INSERT INTO video (video_id, team_code, title, video_path, date) VALUES (13,'SK', '실점을 막는 다이빙 캐치! 팀을 구해내는 박승욱 (KT 롯데 6.08)', 'https://kbodot.s3.ap-northeast-2.amazonaws.com/video/convert1.mp4', 20230901);
INSERT INTO video (video_id, team_code, title, video_path, date) VALUES (14,'SK', '실점을 막는 다이빙 캐치! 팀을 구해내는 박승욱 (KT 롯데 6.08)', 'https://kbodot.s3.ap-northeast-2.amazonaws.com/video/convert1.mp4', 20230901);
INSERT INTO video (video_id, team_code, title, video_path, date) VALUES (15,'SK', '실점을 막는 다이빙 캐치! 팀을 구해내는 박승욱 (KT 롯데 6.08)', 'https://kbodot.s3.ap-northeast-2.amazonaws.com/video/convert1.mp4', 20230901);
INSERT INTO video (video_id, team_code, title, video_path, date) VALUES (16,'SK', '실점을 막는 다이빙 캐치! 팀을 구해내는 박승욱 (KT 롯데 6.08)', 'https://kbodot.s3.ap-northeast-2.amazonaws.com/video/convert1.mp4', 20230901);
INSERT INTO video (video_id, team_code, title, video_path, date) VALUES (17,'SK', '실점을 막는 다이빙 캐치! 팀을 구해내는 박승욱 (KT 롯데 6.08)', 'https://kbodot.s3.ap-northeast-2.amazonaws.com/video/convert1.mp4', 20230901);
INSERT INTO video (video_id, team_code, title, video_path, date) VALUES (18,'SK', '실점을 막는 다이빙 캐치! 팀을 구해내는 박승욱 (KT 롯데 6.08)', 'https://kbodot.s3.ap-northeast-2.amazonaws.com/video/convert1.mp4', 20230901);
INSERT INTO video (video_id, team_code, title, video_path, date) VALUES (19,'SK', '실점을 막는 다이빙 캐치! 팀을 구해내는 박승욱 (KT 롯데 6.08)', 'https://kbodot.s3.ap-northeast-2.amazonaws.com/video/convert1.mp4', 20230901);
INSERT INTO video (video_id, team_code, title, video_path, date) VALUES (20,'SK', '실점을 막는 다이빙 캐치! 팀을 구해내는 박승욱 (KT 롯데 6.08)', 'https://kbodot.s3.ap-northeast-2.amazonaws.com/video/convert1.mp4', 20230901);

-- Thumb 테이블 데이터 삽입
INSERT INTO thumb (thumb_id, thumb_path, video_id) VALUES (1, 'https://kbodot.s3.ap-northeast-2.amazonaws.com/converted/convert1.png',1);
INSERT INTO thumb (thumb_id, thumb_path, video_id) VALUES (2, 'https://kbodot.s3.ap-northeast-2.amazonaws.com/converted/convert2.png',2);
INSERT INTO thumb (thumb_id, thumb_path, video_id) VALUES (3, 'https://kbodot.s3.ap-northeast-2.amazonaws.com/converted/convert3.png',3);
INSERT INTO thumb (thumb_id, thumb_path, video_id) VALUES (4, 'https://kbodot.s3.ap-northeast-2.amazonaws.com/converted/convert4.png',4);
INSERT INTO thumb (thumb_id, thumb_path, video_id) VALUES (5, 'https://kbodot.s3.ap-northeast-2.amazonaws.com/thumbnail/thumb05.png',5);
INSERT INTO thumb (thumb_id, thumb_path, video_id) VALUES (6, 'https://kbodot.s3.ap-northeast-2.amazonaws.com/converted/convert1.png',6);
INSERT INTO thumb (thumb_id, thumb_path, video_id) VALUES (7, 'https://kbodot.s3.ap-northeast-2.amazonaws.com/converted/convert2.png',7);
INSERT INTO thumb (thumb_id, thumb_path, video_id) VALUES (8, 'https://kbodot.s3.ap-northeast-2.amazonaws.com/converted/convert3.png',8);
INSERT INTO thumb (thumb_id, thumb_path, video_id) VALUES (9, 'https://kbodot.s3.ap-northeast-2.amazonaws.com/converted/convert4.png',9);
INSERT INTO thumb (thumb_id, thumb_path, video_id) VALUES (10, 'https://kbodot.s3.ap-northeast-2.amazonaws.com/thumbnail/thumb05.png',10);

INSERT INTO thumb (thumb_id, thumb_path, video_id) VALUES (11, 'https://kbodot.s3.ap-northeast-2.amazonaws.com/converted/convert1.png',11);
INSERT INTO thumb (thumb_id, thumb_path, video_id) VALUES (12, 'https://kbodot.s3.ap-northeast-2.amazonaws.com/converted/convert2.png',12);
INSERT INTO thumb (thumb_id, thumb_path, video_id) VALUES (13, 'https://kbodot.s3.ap-northeast-2.amazonaws.com/converted/convert3.png',13);
INSERT INTO thumb (thumb_id, thumb_path, video_id) VALUES (14, 'https://kbodot.s3.ap-northeast-2.amazonaws.com/converted/convert4.png',14);
INSERT INTO thumb (thumb_id, thumb_path, video_id) VALUES (15, 'https://kbodot.s3.ap-northeast-2.amazonaws.com/thumbnail/thumb05.png',15);
INSERT INTO thumb (thumb_id, thumb_path, video_id) VALUES (16, 'https://kbodot.s3.ap-northeast-2.amazonaws.com/converted/convert1.png',16);
INSERT INTO thumb (thumb_id, thumb_path, video_id) VALUES (17, 'https://kbodot.s3.ap-northeast-2.amazonaws.com/converted/convert2.png',17);
INSERT INTO thumb (thumb_id, thumb_path, video_id) VALUES (18, 'https://kbodot.s3.ap-northeast-2.amazonaws.com/converted/convert3.png',18);
INSERT INTO thumb (thumb_id, thumb_path, video_id) VALUES (19, 'https://kbodot.s3.ap-northeast-2.amazonaws.com/converted/convert4.png',19);
INSERT INTO thumb (thumb_id, thumb_path, video_id) VALUES (20, 'https://kbodot.s3.ap-northeast-2.amazonaws.com/thumbnail/thumb05.png',20);






